{"cameraMode":{"drawMode":0,"name":"Shaded","section":"Shading Mode"},"sceneLighting":true,"audioPlay":false,"sceneViewState":{"m_AlwaysRefresh":false,"showFog":true,"showSkybox":true,"showFlares":true,"showImageEffects":true,"showParticleSystems":true,"showVisualEffectGraphs":true,"m_FxEnabled":true},"in2DMode":false,"pivot":{"x":-6.622260093688965,"y":3.9420931339263918,"z":13.677102088928223},"rotation":{"x":-0.0005154568352736533,"y":-0.9967275857925415,"z":0.08333057165145874,"w":-0.005718443542718887},"size":12.290279388427735,"orthographic":false}